{
	"info": {
		"_postman_id": "60f1abfb-06aa-4e6e-b883-2e244d9a60c8",
		"name": "bookmark",
		"schema": "https://schema.getpostman.com/json/collection/v2.1.0/collection.json"
	},
	"item": [
		{
			"name": "bookmark",
			"request": {
				"method": "POST",
				"header": [],
				"body": {
					"mode": "formdata",
					"formdata": [
						{
							"key": "apicall",
							"value": "add_bookmark",
							"type": "text"
						},
						{
							"key": "user_id",
							"value": "1",
							"type": "text"
						},
						{
							"key": "business_id",
							"value": "1",
							"type": "text"
						}
					]
				},
				"url": {
					"raw": "blackbook.ramanbaghla.com/api.php",
					"host": [
						"blackbook",
						"ramanbaghla",
						"com"
					],
					"path": [
						"api.php"
					]
				}
			},
			"response": []
		}
	]
}