{
	"info": {
		"_postman_id": "c84ddda9-9cf3-4f15-9861-8d5a15880630",
		"name": "nearby_business",
		"schema": "https://schema.getpostman.com/json/collection/v2.1.0/collection.json"
	},
	"item": [
		{
			"name": "nearby_business",
			"request": {
				"method": "POST",
				"header": [],
				"body": {
					"mode": "formdata",
					"formdata": [
						{
							"key": "apicall",
							"value": "nearby_business",
							"type": "text"
						},
						{
							"key": "km",
							"value": "10",
							"type": "text"
						},
						{
							"key": "lat",
							"value": "26.862471",
							"type": "text"
						},
						{
							"key": "lng",
							"value": "75.762413",
							"type": "text"
						}
					]
				},
				"url": {
					"raw": "https://blackbook.ramanbaghla.com/api.php",
					"protocol": "https",
					"host": [
						"blackbook",
						"ramanbaghla",
						"com"
					],
					"path": [
						"api.php"
					]
				}
			},
			"response": []
		}
	]
}