{
	"info": {
		"_postman_id": "fc775854-0f51-4f68-9496-369f7727f5c2",
		"name": "reivew",
		"schema": "https://schema.getpostman.com/json/collection/v2.1.0/collection.json"
	},
	"item": [
		{
			"name": "add_review",
			"request": {
				"method": "POST",
				"header": [],
				"body": {
					"mode": "formdata",
					"formdata": [
						{
							"key": "apicall",
							"value": "add_review",
							"type": "text"
						},
						{
							"key": "user_id",
							"value": "1",
							"type": "text"
						},
						{
							"key": "business_id",
							"value": "1",
							"type": "text"
						},
						{
							"key": "star_rating",
							"value": "5",
							"type": "text"
						},
						{
							"key": "image",
							"type": "file",
							"src": "/C:/Users/raman/Pictures/5.jpg"
						},
						{
							"key": "review",
							"value": "test review test review test review",
							"type": "text"
						}
					]
				},
				"url": {
					"raw": "https://blackbook.ramanbaghla.com/api.php",
					"protocol": "https",
					"host": [
						"blackbook",
						"ramanbaghla",
						"com"
					],
					"path": [
						"api.php"
					]
				}
			},
			"response": []
		}
	]
}