{
	"info": {
		"_postman_id": "ee46adc4-7c94-4cdc-b031-f632582b4107",
		"name": "view_recently_viewed",
		"schema": "https://schema.getpostman.com/json/collection/v2.1.0/collection.json"
	},
	"item": [
		{
			"name": "view_recently_viewed",
			"request": {
				"method": "POST",
				"header": [],
				"body": {
					"mode": "formdata",
					"formdata": [
						{
							"key": "apicall",
							"value": "view_recently_viewed",
							"type": "text"
						},
						{
							"key": "user_id",
							"value": "1",
							"type": "text"
						}
					]
				},
				"url": {
					"raw": "https://blackbook.ramanbaghla.com/api.php",
					"protocol": "https",
					"host": [
						"blackbook",
						"ramanbaghla",
						"com"
					],
					"path": [
						"api.php"
					]
				}
			},
			"response": []
		}
	]
}